Test Method,Test Method,,
Sample I. D.,Material and Date,,
Specimen Number,1,,
,,,
Time (min),Load (N),% Compression (%),Crosshead (mil)
,,,
0.001,-0.007,0.394,0.9961
0.002,0.033,0.394,0.9961
0.002,0.013,0.787,0.9921
0.002,0.007,0.787,0.9921
0.003,-0.001,1.181,0.9882
0.003,0.015,1.181,0.9882
0.003,-0.001,1.575,0.9843
0.004,0,1.575,0.9843
0.004,-0.007,1.968,0.9803
0.004,-0.002,2.362,0.9764
0.005,-0.001,2.362,0.9764
0.005,0.004,2.756,0.9724
0.005,0.018,3.15,0.9685
0.006,0.001,3.15,0.9685
0.006,0.004,3.543,0.9646
0.006,-0.002,3.937,0.9606
0.007,-0.005,4.331,0.9567
0.007,-0.001,4.331,0.9567
0.007,0,4.724,0.9528
0.008,-0.002,5.118,0.9488
0.008,0.007,5.118,0.9488
0.008,0.016,5.512,0.9449
0.009,-0.011,5.905,0.9409
0.009,0.007,6.299,0.937
0.009,0.006,6.299,0.937
0.01,0.003,6.693,0.9331
0.01,0.002,7.087,0.9291
0.01,0.002,7.48,0.9252
0.011,0.011,7.48,0.9252
0.011,0.003,7.874,0.9213
0.011,-0.009,8.268,0.9173
0.012,-0.007,8.268,0.9173
0.012,-0.022,8.661,0.9134
0.012,0.003,9.055,0.9094
0.013,-0.006,9.449,0.9055
0.013,-0.006,9.842,0.9016
0.013,0.007,9.842,0.9016
0.014,-0.01,10.236,0.8976
0.014,0.012,10.63,0.8937
0.014,0.011,11.024,0.8898
0.015,0.008,11.417,0.8858
0.015,0,11.417,0.8858
0.015,0,11.811,0.8819
0.016,0,12.205,0.878
0.016,0.009,12.598,0.874
0.016,-0.008,12.992,0.8701
0.017,-0.006,12.992,0.8701
0.017,-0.001,13.386,0.8661
0.017,0.011,13.779,0.8622
0.018,0.014,14.173,0.8583
0.018,-0.001,14.567,0.8543
0.018,0.011,14.567,0.8543
0.019,-0.012,14.961,0.8504
0.019,0.018,15.354,0.8465
0.019,0.003,15.748,0.8425
0.02,-0.001,16.142,0.8386
0.02,-0.011,16.535,0.8346
0.02,0.021,16.535,0.8346
0.021,-0.009,16.929,0.8307
0.021,-0.005,17.323,0.8268
0.021,0.003,17.716,0.8228
0.022,0.005,18.11,0.8189
0.022,-0.005,18.504,0.815
0.022,0.018,18.504,0.815
0.023,0.005,18.898,0.811
0.023,-0.001,19.291,0.8071
0.023,-0.002,19.685,0.8032
0.024,0.001,20.079,0.7992
0.024,-0.008,20.079,0.7992
0.024,0.005,20.472,0.7953
0.025,0.006,20.866,0.7913
0.025,0.011,21.26,0.7874
0.025,0.006,21.654,0.7835
0.026,0.008,21.654,0.7835
0.026,0.028,22.047,0.7795
0.026,0.003,22.441,0.7756
0.027,0.002,22.835,0.7717
0.027,-0.001,23.228,0.7677
0.027,-0.004,23.228,0.7677
0.028,-0.002,23.622,0.7638
0.028,-0.016,24.016,0.7598
0.028,-0.004,24.409,0.7559
0.029,-0.007,24.803,0.752
0.029,0.008,24.803,0.752
0.029,-0.005,25.197,0.748
0.03,-0.018,25.591,0.7441
0.03,0.003,25.984,0.7402
0.03,0.005,26.378,0.7362
0.031,0.002,26.772,0.7323
0.031,0.01,26.772,0.7323
0.031,0.011,27.165,0.7283
0.032,-0.003,27.559,0.7244
0.032,-0.012,27.953,0.7205
0.032,0.004,28.346,0.7165
0.033,-0.018,28.346,0.7165
0.033,0.02,28.74,0.7126
0.033,0,29.134,0.7087
0.034,0.017,29.528,0.7047
0.034,0.021,29.921,0.7008
0.034,-0.002,30.315,0.6969
0.035,0.006,30.315,0.6969
0.035,-0.005,30.709,0.6929
0.035,0.013,31.102,0.689
0.036,-0.002,31.496,0.685
0.036,0.01,31.89,0.6811
0.036,-0.002,32.283,0.6772
0.037,0.011,32.283,0.6772
0.037,0.013,32.677,0.6732
0.037,-0.01,33.071,0.6693
0.038,-0.001,33.465,0.6654
0.038,0.024,33.858,0.6614
0.038,0.018,34.252,0.6575
0.039,0.011,34.252,0.6575
0.039,-0.008,34.646,0.6535
0.039,0.004,35.039,0.6496
0.04,0.005,35.433,0.6457
0.04,0.009,35.827,0.6417
0.04,-0.002,36.22,0.6378
0.041,-0.012,36.22,0.6378
0.041,-0.003,36.614,0.6339
0.041,0.01,37.008,0.6299
0.042,0.013,37.402,0.626
0.042,-0.001,37.795,0.622
0.042,0,38.189,0.6181
0.043,0.001,38.583,0.6142
0.043,-0.001,38.976,0.6102
0.043,0.008,38.976,0.6102
0.044,0.027,39.37,0.6063
0.044,0.007,39.764,0.6024
0.044,0.018,40.157,0.5984
0.045,0.006,40.551,0.5945
0.045,0.001,40.945,0.5906
0.045,0.005,41.339,0.5866
0.046,0.009,41.732,0.5827
0.046,0.002,42.126,0.5787
0.046,0.018,42.126,0.5787
0.047,0.004,42.52,0.5748
0.047,0.011,42.913,0.5709
0.047,-0.001,43.307,0.5669
0.048,0.006,43.701,0.563
0.048,-0.012,44.094,0.5591
0.048,0.007,44.488,0.5551
0.049,0.002,44.882,0.5512
0.049,0.013,45.276,0.5472
0.049,0.007,45.669,0.5433
0.05,0,45.669,0.5433
0.05,0,46.063,0.5394
0.05,0.021,46.457,0.5354
0.051,0.03,46.85,0.5315
0.051,0.011,47.244,0.5276
0.051,0.013,47.638,0.5236
0.052,-0.016,48.031,0.5197
0.052,-0.016,48.425,0.5157
0.052,-0.002,48.425,0.5157
0.053,0.003,48.819,0.5118
0.053,-0.013,49.213,0.5079
0.053,-0.003,49.606,0.5039
0.054,0.014,50,0.5
0.054,-0.021,50.394,0.4961
0.054,0.024,50.787,0.4921
0.055,0.015,50.787,0.4921
0.055,-0.002,51.181,0.4882
0.055,-0.009,51.575,0.4843
0.056,0.013,51.968,0.4803
0.056,0.019,52.362,0.4764
0.056,0.004,52.756,0.4724
0.057,0.002,52.756,0.4724
0.057,0.009,53.15,0.4685
0.057,0.003,53.543,0.4646
0.058,0.006,53.937,0.4606
0.058,0.008,54.331,0.4567
0.058,0.003,54.331,0.4567
0.059,-0.017,54.724,0.4528
0.059,0.007,55.118,0.4488
0.059,0.006,55.512,0.4449
0.06,0.008,55.905,0.4409
0.06,0,56.299,0.437
0.06,-0.008,56.299,0.437
0.061,0.006,56.693,0.4331
0.061,0.002,57.087,0.4291
0.061,0.007,57.48,0.4252
0.062,0.003,57.874,0.4213
0.062,0.003,58.268,0.4173
0.062,0.014,58.268,0.4173
0.063,-0.007,58.661,0.4134
0.063,-0.014,59.055,0.4094
0.063,-0.006,59.449,0.4055
0.064,0.004,59.842,0.4016
0.064,0.008,60.236,0.3976
0.064,0.003,60.236,0.3976
0.065,-0.001,60.63,0.3937
0.065,0.007,61.024,0.3898
0.065,0.013,61.417,0.3858
0.066,0.004,61.811,0.3819
0.066,0.006,62.205,0.378
0.066,-0.007,62.205,0.378
0.067,0.023,62.598,0.374
0.067,0.011,62.992,0.3701
0.067,0.014,63.386,0.3661
0.068,-0.007,63.78,0.3622
0.068,0.02,64.173,0.3583
0.068,0.006,64.173,0.3583
0.069,0,64.567,0.3543
0.069,0.005,64.961,0.3504
0.069,0.012,65.354,0.3465
0.07,0.005,65.748,0.3425
0.07,0.004,66.142,0.3386
0.07,-0.023,66.142,0.3386
0.071,0.004,66.535,0.3346
0.071,-0.015,66.929,0.3307
0.071,0.011,67.323,0.3268
0.072,0.006,67.717,0.3228
0.072,0.005,68.11,0.3189
0.072,-0.001,68.11,0.3189
0.073,0.001,68.504,0.315
0.073,0.009,68.898,0.311
0.073,-0.006,69.291,0.3071
0.074,0.014,69.685,0.3031
0.074,0.016,70.079,0.2992
0.074,0.014,70.472,0.2953
0.075,-0.008,70.472,0.2953
0.075,0.004,70.866,0.2913
0.075,0.008,71.26,0.2874
0.076,0.01,71.654,0.2835
0.076,0.001,72.047,0.2795
0.076,-0.008,72.441,0.2756
0.077,0.006,72.441,0.2756
0.077,-0.006,72.835,0.2717
0.077,0.004,73.228,0.2677
0.078,-0.004,73.622,0.2638
0.078,0.019,74.016,0.2598
0.078,0.012,74.409,0.2559
0.079,-0.014,74.409,0.2559
0.079,0.037,74.803,0.252
0.079,0.009,75.197,0.248
0.08,0.01,75.591,0.2441
0.08,-0.005,75.984,0.2402
0.08,0.001,76.378,0.2362
0.081,-0.001,76.772,0.2323
0.081,0.003,76.772,0.2323
0.081,0.023,77.165,0.2283
0.082,-0.006,77.559,0.2244
0.082,0.02,77.953,0.2205
0.082,0.027,78.346,0.2165
0.083,0.01,78.74,0.2126
0.083,0.018,78.74,0.2126
0.083,0.004,79.134,0.2087
0.084,0.003,79.528,0.2047
0.084,0.03,79.921,0.2008
0.084,-0.001,80.315,0.1969
0.085,0.004,80.315,0.1969
0.085,-0.005,80.709,0.1929
0.085,-0.009,81.102,0.189
0.086,0.004,81.496,0.185
0.086,-0.001,81.89,0.1811
0.086,-0.008,82.283,0.1772
0.087,0.015,82.283,0.1772
0.087,0.01,82.677,0.1732
0.087,0.017,83.071,0.1693
0.088,0.032,83.465,0.1654
0.088,0.043,83.858,0.1614
0.088,0.033,84.252,0.1575
0.089,0.025,84.646,0.1535
0.089,0.023,84.646,0.1535
0.089,0.027,85.039,0.1496
0.09,0.036,85.433,0.1457
0.09,0.032,85.827,0.1417
0.09,0.039,86.22,0.1378
0.091,0.033,86.22,0.1378
0.091,0.016,86.614,0.1339
0.091,0.025,87.008,0.1299
0.092,0.028,87.402,0.126
0.092,0.06,87.795,0.122
0.092,0.05,88.189,0.1181
0.093,0.04,88.189,0.1181
0.093,0.063,88.583,0.1142
0.093,0.072,88.976,0.1102
0.094,0.071,89.37,0.1063
0.094,0.049,89.764,0.1024
0.094,0.057,89.764,0.1024
0.095,0.061,90.157,0.0984
0.095,0.058,90.551,0.0945
0.095,0.068,90.945,0.0906
0.096,0.046,91.339,0.0866
0.096,0.064,91.732,0.0827
0.096,0.042,91.732,0.0827
0.097,0.056,92.126,0.0787
0.097,0.066,92.52,0.0748
0.097,0.085,92.913,0.0709
0.098,0.057,93.307,0.0669
0.098,0.069,93.701,0.063
0.098,0.043,93.701,0.063
0.099,0.051,94.094,0.0591
0.099,0.087,94.488,0.0551
0.099,0.094,94.882,0.0512
0.1,0.071,95.276,0.0472
0.1,0.067,95.669,0.0433
0.1,0.083,95.669,0.0433
0.101,0.104,96.063,0.0394
0.101,0.134,96.457,0.0354
0.101,0.087,96.85,0.0315
0.102,0.093,97.244,0.0276
0.102,0.064,97.244,0.0276
0.102,0.072,97.638,0.0236
0.103,0.129,98.031,0.0197
0.103,0.14,98.425,0.0157
0.103,0.164,98.819,0.0118
0.104,0.179,99.213,0.0079
0.104,0.229,99.606,0.0039
0.104,0.278,99.606,0.0039
0.105,0.402,100,0
0.105,0.409,100.394,-0.0039
0.105,0.537,100.787,-0.0079
0.106,0.658,101.181,-0.0118
0.106,0.741,101.575,-0.0157
0.106,1.039,101.969,-0.0197
0.107,1.314,101.969,-0.0197
0.107,1.677,102.362,-0.0236
0.107,2.131,102.756,-0.0276
0.108,2.438,103.15,-0.0315
0.108,2.769,103.543,-0.0354
0.108,3.104,103.937,-0.0394
0.109,3.52,104.331,-0.0433
0.109,4.231,104.331,-0.0433
0.109,4.7,104.724,-0.0472
0.11,5.381,105.118,-0.0512
0.11,5.938,105.512,-0.0551
0.11,6.344,105.906,-0.0591
0.111,6.819,106.299,-0.063
0.111,7.481,106.693,-0.0669
0.111,8.051,107.087,-0.0709
0.112,8.712,107.087,-0.0709
0.112,9.431,107.48,-0.0748
0.112,10.34,107.874,-0.0787
0.113,10.743,108.268,-0.0827
0.113,11.413,108.661,-0.0866
0.113,12.164,109.055,-0.0906
0.114,12.673,109.449,-0.0945
0.114,13.668,109.843,-0.0984
0.114,13.986,110.236,-0.1024
0.115,14.871,110.63,-0.1063
0.115,15.592,110.63,-0.1063
0.115,16.364,111.024,-0.1102
0.116,17.116,111.417,-0.1142
0.116,17.789,111.811,-0.1181
0.116,18.576,112.205,-0.122
0.117,19.097,111.811,-0.1181
0.117,22.398,113.386,-0.1339
0.117,23.09,113.386,-0.1339
0.118,23.072,113.78,-0.1378
0.118,24.146,114.173,-0.1417
0.118,24.81,114.567,-0.1457
0.119,25.445,114.567,-0.1457
0.119,26.348,114.961,-0.1496
0.119,26.84,115.354,-0.1535
0.12,27.718,115.748,-0.1575
0.12,28.079,116.142,-0.1614
0.12,28.918,116.535,-0.1654
0.121,29.643,116.535,-0.1654
0.121,30.445,116.929,-0.1693
0.121,31.394,117.323,-0.1732
0.122,31.745,117.717,-0.1772
0.122,32.355,118.11,-0.1811
0.122,33.089,118.11,-0.1811
0.123,33.888,118.504,-0.185
0.123,34.716,118.898,-0.189
0.123,35.371,119.291,-0.1929
0.124,35.885,119.685,-0.1969
0.124,36.57,120.079,-0.2008
0.124,37.352,120.079,-0.2008
0.125,38.263,120.472,-0.2047
0.125,38.876,120.866,-0.2087
0.125,39.253,121.26,-0.2126
0.126,40.244,121.654,-0.2165
0.126,40.842,122.047,-0.2205
0.126,41.633,122.441,-0.2244
0.127,42.215,122.441,-0.2244
0.127,43.202,122.835,-0.2283
0.127,43.94,123.228,-0.2323
0.128,44.344,123.622,-0.2362
0.128,45.398,124.016,-0.2402
0.128,45.783,124.016,-0.2402
0.129,46.755,124.409,-0.2441
0.129,47.724,124.803,-0.248
0.129,48.052,125.197,-0.252
0.13,48.982,125.591,-0.2559
0.13,49.371,125.984,-0.2598
0.13,50.269,125.984,-0.2598
0.131,51.275,126.378,-0.2638
0.131,51.889,126.772,-0.2677
0.131,52.579,127.165,-0.2717
0.132,53.065,127.559,-0.2756
0.132,53.825,127.559,-0.2756
0.132,54.774,127.953,-0.2795
0.133,55.489,128.346,-0.2835
0.133,56.244,128.74,-0.2874
0.133,56.821,129.134,-0.2913
0.134,57.496,129.528,-0.2953
0.134,58.248,129.528,-0.2953
0.134,59.071,129.921,-0.2992
0.135,59.967,130.315,-0.3031
0.135,60.452,130.709,-0.3071
0.135,61.144,131.102,-0.311
0.136,61.817,131.496,-0.315
0.136,62.661,131.496,-0.315
0.136,63.431,131.89,-0.3189
0.137,64.104,132.283,-0.3228
0.137,64.848,132.677,-0.3268
0.137,65.39,133.071,-0.3307
0.138,66.273,133.465,-0.3346
0.138,66.901,133.465,-0.3346
0.138,67.746,133.858,-0.3386
0.139,68.618,134.252,-0.3425
0.139,69.182,134.646,-0.3465
0.139,69.786,135.039,-0.3504
0.14,70.464,135.039,-0.3504
0.14,71.286,135.433,-0.3543
0.14,72.294,135.827,-0.3583
0.141,72.537,136.22,-0.3622
0.141,73.24,136.614,-0.3661
0.141,73.964,137.008,-0.3701
0.142,74.671,137.008,-0.3701
0.142,75.539,137.402,-0.374
0.142,76.278,137.795,-0.378
0.143,77.169,138.189,-0.3819
0.143,77.611,138.583,-0.3858
0.143,78.261,138.976,-0.3898
0.144,79.187,138.976,-0.3898
0.144,79.915,139.37,-0.3937
0.144,80.842,139.764,-0.3976
0.145,81.434,140.158,-0.4016
0.145,81.896,140.551,-0.4055
0.145,82.691,140.945,-0.4094
0.146,83.354,140.945,-0.4094
0.146,84.174,141.339,-0.4134
0.146,84.977,141.732,-0.4173
0.147,85.635,142.126,-0.4213
0.147,86.263,142.52,-0.4252
0.147,86.95,142.913,-0.4291
0.148,87.595,142.913,-0.4291
0.148,88.495,143.307,-0.4331
0.148,89.359,143.701,-0.437
0.149,89.958,144.095,-0.4409
0.149,90.593,144.488,-0.4449
0.149,91.107,144.882,-0.4488
0.15,91.914,144.882,-0.4488
0.15,92.817,145.276,-0.4528
0.15,93.594,145.669,-0.4567
0.151,94.08,146.063,-0.4606
0.151,94.67,146.457,-0.4646
0.151,95.371,146.457,-0.4646
0.152,96.203,146.85,-0.4685
0.152,97.112,147.244,-0.4724
0.152,97.688,147.638,-0.4764
0.153,98.306,148.032,-0.4803
0.153,98.847,148.425,-0.4843
0.153,99.647,148.425,-0.4843
0.154,100.443,148.819,-0.4882
0.154,101.266,149.213,-0.4921
0.154,101.795,149.606,-0.4961
0.155,102.364,150,-0.5
0.155,103.028,150.394,-0.5039
0.155,103.927,150.394,-0.5039
0.156,104.575,150.787,-0.5079
0.156,105.352,151.181,-0.5118
0.156,106.074,151.575,-0.5157
0.157,106.399,151.969,-0.5197
0.157,107.149,151.969,-0.5197
0.157,107.919,152.362,-0.5236
0.158,108.752,152.756,-0.5276
0.158,109.351,153.15,-0.5315
0.158,109.802,153.543,-0.5354
0.159,110.609,153.937,-0.5394
0.159,111.218,153.937,-0.5394
0.159,111.945,154.331,-0.5433
0.16,112.903,154.724,-0.5472
0.16,113.253,155.118,-0.5512
0.16,113.928,155.512,-0.5551
0.161,114.579,155.512,-0.5551
0.161,115.422,155.906,-0.5591
0.161,116.271,156.299,-0.563
0.162,116.823,156.693,-0.5669
0.162,117.465,157.087,-0.5709
0.162,117.973,157.48,-0.5748
0.163,118.831,157.48,-0.5748
0.163,119.615,157.874,-0.5787
0.163,120.352,158.268,-0.5827
0.164,120.877,158.661,-0.5866
0.164,121.315,159.055,-0.5906
0.164,122.02,159.055,-0.5906
0.165,122.859,159.449,-0.5945
0.165,123.649,159.843,-0.5984
0.165,124.228,160.236,-0.6024
0.166,124.648,160.63,-0.6063
0.166,125.347,161.024,-0.6102
0.166,126.059,161.024,-0.6102
0.167,127.07,161.417,-0.6142
0.167,127.632,161.811,-0.6181
0.167,128.225,162.205,-0.622
0.168,128.813,162.598,-0.626
0.168,129.435,162.992,-0.6299
0.168,130.35,162.992,-0.6299
0.169,130.888,163.386,-0.6339
0.169,131.737,163.78,-0.6378
0.169,132.226,164.173,-0.6417
0.17,132.87,164.567,-0.6457
0.17,133.508,164.961,-0.6496
0.17,134.21,164.961,-0.6496
0.171,135.037,165.354,-0.6535
0.171,135.708,165.748,-0.6575
0.171,136.435,166.142,-0.6614
0.172,136.551,166.535,-0.6654
0.172,137.432,166.929,-0.6693
0.172,138.334,166.929,-0.6693
0.173,139.039,167.323,-0.6732
0.173,139.745,167.717,-0.6772
0.173,140.364,168.11,-0.6811
0.174,141.032,168.504,-0.685
0.174,141.537,168.898,-0.689
0.174,142.299,169.291,-0.6929
0.175,143.281,169.685,-0.6969
0.175,143.658,169.685,-0.6969
0.175,144.625,170.079,-0.7008
0.176,145.256,170.472,-0.7047
0.176,145.979,170.866,-0.7087
0.176,146.731,171.26,-0.7126
0.177,147.002,171.654,-0.7165
0.177,147.86,172.047,-0.7205
0.177,148.604,172.441,-0.7244
0.178,149.311,172.835,-0.7283
0.178,149.765,172.835,-0.7283
0.178,150.905,173.228,-0.7323
0.179,151.513,173.622,-0.7362
0.179,152.233,174.016,-0.7402
0.179,152.805,174.409,-0.7441
0.18,153.395,174.803,-0.748
0.18,154.099,175.197,-0.752
0.18,154.689,175.591,-0.7559
0.181,155.634,175.591,-0.7559
0.181,156.351,175.984,-0.7598
0.181,157.037,176.378,-0.7638
0.182,157.809,176.772,-0.7677
0.182,158.537,177.165,-0.7717
0.182,159.024,177.559,-0.7756
0.183,159.582,177.953,-0.7795
0.183,160.205,178.346,-0.7835
0.183,160.948,178.74,-0.7874
0.184,161.6,178.74,-0.7874
0.184,162.363,179.134,-0.7913
0.184,163.095,179.528,-0.7953
0.185,163.815,179.921,-0.7992
0.185,164.365,180.315,-0.8032
0.185,164.853,180.709,-0.8071
0.186,165.331,181.102,-0.811
0.186,165.999,181.102,-0.811
0.186,166.849,181.496,-0.815
0.187,167.716,181.89,-0.8189
0.187,168.119,182.284,-0.8228
0.187,168.354,182.677,-0.8268
0.188,168.937,183.071,-0.8307
0.188,169.639,183.071,-0.8307
0.188,170.404,183.465,-0.8346
0.189,170.817,183.858,-0.8386
0.189,171.44,184.252,-0.8425
0.189,171.827,184.646,-0.8465
0.19,172.342,184.646,-0.8465
0.19,173.148,185.039,-0.8504
0.19,173.702,185.433,-0.8543
0.191,174.328,185.827,-0.8583
0.191,174.749,186.221,-0.8622
0.191,175.325,186.614,-0.8661
0.192,175.936,186.614,-0.8661
0.192,176.524,187.008,-0.8701
0.192,177.212,187.402,-0.874
0.193,177.775,187.795,-0.878
0.193,178.205,188.189,-0.8819
0.193,178.759,188.583,-0.8858
0.194,179.221,188.583,-0.8858
0.194,179.97,188.976,-0.8898
0.194,180.695,189.37,-0.8937
0.195,181.19,189.764,-0.8976
0.195,181.686,190.158,-0.9016
0.195,182.019,190.551,-0.9055
0.196,182.75,190.551,-0.9055
0.196,183.466,190.945,-0.9094
0.196,184.164,191.339,-0.9134
0.197,184.526,191.732,-0.9173
0.197,184.903,192.126,-0.9213
0.197,185.419,192.52,-0.9252
0.198,186.103,192.52,-0.9252
0.198,186.77,192.913,-0.9291
0.198,187.365,193.307,-0.9331
0.199,187.821,193.701,-0.937
0.199,188.26,194.095,-0.9409
0.199,188.739,194.488,-0.9449
0.2,189.445,194.488,-0.9449
0.2,190.026,194.882,-0.9488
0.2,190.671,195.276,-0.9528
0.201,191.207,195.669,-0.9567
0.201,191.627,196.063,-0.9606
0.201,191.741,196.457,-0.9646
0.202,192.6,196.457,-0.9646
0.202,193.319,196.85,-0.9685
0.202,193.774,197.244,-0.9724
0.203,194.237,197.638,-0.9764
0.203,194.597,198.032,-0.9803
0.203,195.102,198.425,-0.9843
0.204,195.563,198.425,-0.9843
0.204,196.383,198.819,-0.9882
0.204,196.939,199.213,-0.9921
0.205,197.215,199.606,-0.9961
0.205,197.634,200,-1
0.205,197.996,200.394,-1.0039
0.206,198.641,200.394,-1.0039
0.206,199.314,200.787,-1.0079
0.206,199.59,201.181,-1.0118
0.207,200.204,201.575,-1.0157
0.207,200.483,201.969,-1.0197
0.207,200.911,202.362,-1.0236
0.208,201.588,202.362,-1.0236
0.208,201.979,202.756,-1.0276
0.208,202.59,203.15,-1.0315
0.209,202.943,203.543,-1.0354
0.209,203.351,203.937,-1.0394
0.209,203.759,204.331,-1.0433
0.21,204.164,204.331,-1.0433
0.21,204.799,204.724,-1.0472
0.21,205.279,205.118,-1.0512
0.211,205.836,205.512,-1.0551
0.211,206.04,205.906,-1.0591
0.211,206.376,206.299,-1.063
0.212,206.785,206.299,-1.063
0.212,207.396,206.693,-1.0669
0.212,207.955,207.087,-1.0709
0.213,208.314,207.48,-1.0748
0.213,208.68,207.874,-1.0787
0.213,209.02,208.268,-1.0827
0.214,209.31,208.661,-1.0866
0.214,209.894,208.661,-1.0866
0.214,210.388,209.055,-1.0906
0.215,210.847,209.449,-1.0945
0.215,211.205,209.843,-1.0984
0.215,211.457,210.236,-1.1024
0.216,211.883,210.63,-1.1063
0.216,212.223,210.63,-1.1063
0.216,212.926,211.024,-1.1102
0.217,213.358,211.417,-1.1142
0.217,213.83,211.811,-1.1181
0.217,213.994,212.205,-1.122
0.218,214.257,212.598,-1.126
0.218,214.718,212.598,-1.126
0.218,215.395,212.992,-1.1299
0.219,215.807,213.386,-1.1339
0.219,216.145,213.78,-1.1378
0.219,216.421,214.173,-1.1417
0.22,216.717,214.567,-1.1457
0.22,217.29,214.567,-1.1457
0.22,217.851,214.961,-1.1496
0.221,218.258,215.354,-1.1535
0.221,218.524,215.748,-1.1575
0.221,218.782,216.142,-1.1614
0.222,219.268,216.142,-1.1614
0.222,219.788,216.535,-1.1654
0.222,220.144,216.929,-1.1693
0.223,220.613,217.323,-1.1732
0.223,220.757,217.717,-1.1772
0.223,221.174,218.11,-1.1811
0.224,221.558,218.11,-1.1811
0.224,222.058,218.504,-1.185
0.224,222.581,218.898,-1.189
0.225,222.749,219.291,-1.1929
0.225,223.056,219.685,-1.1969
0.225,223.419,220.079,-1.2008
0.226,223.869,220.079,-1.2008
0.226,224.46,220.473,-1.2047
0.226,224.801,220.866,-1.2087
0.227,225.043,221.26,-1.2126
0.227,225.383,221.654,-1.2165
0.227,225.674,221.654,-1.2165
0.228,226.323,222.047,-1.2205
0.228,226.732,222.441,-1.2244
0.228,226.988,222.835,-1.2283
0.229,227.236,223.228,-1.2323
0.229,227.624,223.228,-1.2323
0.229,228.118,223.622,-1.2362
0.23,228.659,223.622,-1.2362
0.23,229.776,224.41,-1.2441
0.23,229.679,224.803,-1.248
0.231,229.67,225.197,-1.252
0.231,230.179,225.197,-1.252
0.231,230.707,225.591,-1.2559
0.232,231.044,225.984,-1.2598
0.232,231.247,226.378,-1.2638
0.232,231.363,226.772,-1.2677
0.233,231.838,226.772,-1.2677
0.233,232.451,227.165,-1.2717
0.233,233.001,227.559,-1.2756
0.234,233.234,227.953,-1.2795
0.234,233.452,228.347,-1.2835
0.234,233.739,228.74,-1.2874
0.235,234.213,228.74,-1.2874
0.235,234.841,229.134,-1.2913
0.235,235.149,229.528,-1.2953
0.236,235.564,229.921,-1.2992
0.236,235.668,230.315,-1.3032
0.236,236.256,230.709,-1.3071
0.237,236.68,230.709,-1.3071
0.237,237.139,231.102,-1.311
0.237,237.71,231.496,-1.315
0.238,237.908,231.89,-1.3189
0.238,238.219,232.284,-1.3228
0.238,238.575,232.677,-1.3268
0.239,238.753,233.071,-1.3307
0.239,239.36,233.071,-1.3307
0.239,239.795,233.465,-1.3346
0.24,240.343,233.858,-1.3386
0.24,240.724,234.252,-1.3425
0.24,241.039,234.646,-1.3465
0.241,241.299,235.039,-1.3504
0.241,241.643,235.433,-1.3543
0.241,242.204,235.827,-1.3583
0.242,242.434,235.827,-1.3583
0.242,243.011,236.221,-1.3622
0.242,243.533,236.614,-1.3661
0.243,244.004,237.008,-1.3701
0.243,244.234,237.402,-1.374
0.243,244.506,237.795,-1.378
0.244,244.909,238.189,-1.3819
0.244,245.305,238.583,-1.3858
0.244,245.862,238.583,-1.3858
0.245,246.279,238.976,-1.3898
0.245,246.749,239.37,-1.3937
0.245,247.154,239.764,-1.3976
0.246,247.694,240.158,-1.4016
0.246,248.105,240.551,-1.4055
0.246,248.565,240.945,-1.4094
0.247,249.025,241.339,-1.4134
0.247,249.448,241.732,-1.4173
0.247,249.683,242.126,-1.4213
0.248,249.982,242.52,-1.4252
0.248,250.35,242.913,-1.4291
0.248,250.704,242.913,-1.4291
0.249,251.274,243.307,-1.4331
0.249,251.515,243.701,-1.437
0.249,252.098,244.095,-1.4409
0.25,252.433,244.488,-1.4449
0.25,252.836,244.882,-1.4488
0.25,253.025,245.276,-1.4528
0.251,253.281,245.669,-1.4567
0.251,253.754,245.669,-1.4567
0.251,254.206,246.063,-1.4606
0.252,254.698,246.457,-1.4646
0.252,255.056,246.85,-1.4685
0.252,255.229,247.244,-1.4724
0.253,255.582,247.638,-1.4764
0.253,255.84,248.032,-1.4803
0.253,256.378,248.425,-1.4843
0.254,256.616,248.425,-1.4843
0.254,257.154,248.819,-1.4882
0.254,257.412,249.213,-1.4921
0.255,257.583,249.606,-1.4961
0.255,257.945,250,-1.5
0.255,258.231,250,-1.5
0.256,258.83,250.394,-1.5039
0.256,259.073,250.787,-1.5079
0.256,259.361,251.181,-1.5118
0.257,259.668,251.575,-1.5157
0.257,259.969,251.575,-1.5157
0.257,260.516,251.969,-1.5197
0.258,260.88,252.362,-1.5236
0.258,261.256,252.756,-1.5276
0.258,261.393,253.15,-1.5315
0.259,261.623,253.543,-1.5354
0.259,262.06,253.543,-1.5354
0.259,262.665,253.937,-1.5394
0.26,263.119,254.331,-1.5433
0.26,263.377,254.724,-1.5472
0.26,263.443,255.118,-1.5512
0.261,263.836,255.512,-1.5551
0.261,264.24,255.512,-1.5551
0.261,264.68,255.906,-1.5591
0.262,264.98,256.299,-1.563
0.262,265.332,256.693,-1.5669
0.262,265.517,257.087,-1.5709
0.263,265.829,257.48,-1.5748
0.263,266.265,257.48,-1.5748
0.263,266.699,257.874,-1.5787
0.264,267.099,258.268,-1.5827
0.264,267.331,258.662,-1.5866
0.264,267.604,259.055,-1.5906
0.265,267.858,259.449,-1.5945
0.265,268.164,259.449,-1.5945
0.265,268.658,259.843,-1.5984
0.266,269.046,260.236,-1.6024
0.266,269.302,260.63,-1.6063
0.266,269.604,261.024,-1.6102
0.267,269.806,261.024,-1.6102
0.267,270.383,261.417,-1.6142
0.267,270.838,261.811,-1.6181
0.268,271.214,262.205,-1.622
0.268,271.323,262.599,-1.626
0.268,271.553,262.992,-1.6299
0.269,271.924,262.992,-1.6299
0.269,272.485,263.386,-1.6339
0.269,272.899,263.78,-1.6378
0.27,273.114,264.173,-1.6417
0.27,273.415,264.567,-1.6457
0.27,273.535,264.961,-1.6496
0.271,274.112,265.354,-1.6535
0.271,274.434,265.354,-1.6535
0.271,274.874,265.748,-1.6575
0.272,275.128,266.142,-1.6614
0.272,275.414,266.536,-1.6654
0.272,275.732,266.929,-1.6693
0.273,276.105,267.323,-1.6732
0.273,276.449,267.323,-1.6732
0.273,276.949,267.717,-1.6772
0.274,277.336,268.11,-1.6811
0.274,277.547,268.504,-1.685
0.274,277.779,268.898,-1.689
0.275,277.974,268.898,-1.689
0.275,278.564,269.291,-1.6929
0.275,279.01,269.685,-1.6969
0.276,279.471,270.079,-1.7008
0.276,279.66,270.473,-1.7047
0.276,279.799,270.866,-1.7087
0.277,280.237,270.866,-1.7087
0.277,280.695,271.26,-1.7126
0.277,281.137,271.654,-1.7165
0.278,281.477,272.047,-1.7205
0.278,281.704,272.441,-1.7244
0.278,281.884,272.835,-1.7283
0.279,282.278,273.228,-1.7323
0.279,282.709,273.228,-1.7323
0.279,283.037,273.622,-1.7362
0.28,283.545,274.016,-1.7402
0.28,283.869,274.41,-1.7441
0.28,284.032,274.803,-1.748
0.281,284.531,275.197,-1.752
0.281,285.312,275.591,-1.7559
0.281,285.315,275.591,-1.7559
0.282,285.786,275.984,-1.7598
0.282,286.098,276.378,-1.7638
0.282,286.301,276.772,-1.7677
0.283,286.469,277.165,-1.7717
0.283,286.874,277.165,-1.7717
0.283,287.37,277.559,-1.7756
0.284,287.811,277.953,-1.7795
0.284,288.046,278.347,-1.7835
0.284,288.2,278.74,-1.7874
0.285,288.476,279.134,-1.7913
0.285,288.912,279.134,-1.7913
0.285,289.495,279.528,-1.7953
0.286,289.709,279.921,-1.7992
0.286,289.939,280.315,-1.8032
0.286,290.21,280.709,-1.8071
0.287,290.628,281.102,-1.811
0.287,290.949,281.102,-1.811
0.287,291.432,281.496,-1.815
0.288,291.758,281.89,-1.8189
0.288,292.022,282.284,-1.8228
0.288,292.275,282.677,-1.8268
0.289,292.623,283.071,-1.8307
0.289,292.995,283.071,-1.8307
0.289,293.476,283.465,-1.8346
0.29,293.837,283.858,-1.8386
0.29,294.144,284.252,-1.8425
0.29,294.227,284.646,-1.8465
0.291,294.618,284.646,-1.8465
0.291,295.135,285.039,-1.8504
0.291,295.544,285.433,-1.8543
0.292,295.858,285.827,-1.8583
0.292,296.086,286.221,-1.8622
0.292,296.19,286.614,-1.8661
0.293,296.778,286.614,-1.8661
0.293,297.163,287.008,-1.8701
0.293,297.606,287.402,-1.874
0.294,297.844,287.795,-1.878
0.294,297.986,288.189,-1.8819
0.294,298.356,288.583,-1.8858
0.295,298.736,288.583,-1.8858
0.295,299.346,288.976,-1.8898
0.295,299.553,289.37,-1.8937
0.296,299.861,289.764,-1.8976
0.296,300.065,290.158,-1.9016
0.296,300.465,290.551,-1.9055
0.297,300.889,290.551,-1.9055
0.297,301.257,290.945,-1.9094
0.297,301.61,291.339,-1.9134
0.298,301.76,291.732,-1.9173
0.298,302.062,292.126,-1.9213
0.298,302.474,292.52,-1.9252
0.299,302.74,292.52,-1.9252
0.299,303.244,292.913,-1.9291
0.299,303.662,293.307,-1.9331
0.3,303.889,293.701,-1.937
0.3,304.133,294.095,-1.9409
0.3,304.36,294.095,-1.9409
0.301,304.912,294.488,-1.9449
0.301,305.389,294.882,-1.9488
0.301,305.808,295.276,-1.9528
0.302,306.014,295.669,-1.9567
0.302,306.244,296.063,-1.9606
0.302,306.505,296.457,-1.9646
0.303,307.088,296.457,-1.9646
0.303,307.491,296.85,-1.9685
0.303,307.851,297.244,-1.9724
0.304,308.228,297.638,-1.9764
0.304,308.372,298.032,-1.9803
0.304,308.724,298.425,-1.9843
0.305,309.08,298.819,-1.9882
0.305,309.45,298.819,-1.9882
0.305,309.912,299.213,-1.9921
0.306,310.389,299.606,-1.9961
0.306,310.783,300,-2
0.306,311.076,300.394,-2.0039
0.307,311.33,300.788,-2.0079
0.307,311.562,301.181,-2.0118
0.307,311.964,301.575,-2.0157
0.308,312.385,301.575,-2.0157
0.308,312.711,301.969,-2.0197
0.308,313.302,302.362,-2.0236
0.309,313.646,302.756,-2.0276
0.309,314.021,303.15,-2.0315
0.309,314.335,303.543,-2.0354
0.31,314.515,303.937,-2.0394
0.31,314.876,304.331,-2.0433
0.31,315.24,304.725,-2.0472
0.311,315.735,305.118,-2.0512
0.311,316.066,305.118,-2.0512
0.311,316.519,305.512,-2.0551
0.312,317.008,305.906,-2.0591
0.312,317.465,306.299,-2.063
0.312,317.749,306.693,-2.0669
0.313,318.131,307.087,-2.0709
0.313,318.386,307.48,-2.0748
0.313,318.837,307.874,-2.0787
0.314,319.082,308.268,-2.0827
0.314,319.282,308.662,-2.0866
0.314,319.724,309.055,-2.0906
0.315,320.113,309.055,-2.0906
0.315,320.628,309.449,-2.0945
0.315,320.913,309.843,-2.0984
0.316,321.356,310.236,-2.1024
0.316,321.668,310.63,-2.1063
0.316,321.912,311.024,-2.1102
0.317,322.195,311.417,-2.1142
0.317,322.509,311.417,-2.1142
0.317,322.941,311.811,-2.1181
0.318,323.531,312.205,-2.122
0.318,323.865,312.599,-2.126
0.318,324.157,312.992,-2.1299
0.319,324.287,313.386,-2.1339
0.319,324.648,313.78,-2.1378
0.319,325.098,313.78,-2.1378
0.32,325.634,314.173,-2.1417
0.32,325.927,314.567,-2.1457
0.32,326.218,314.961,-2.1496
0.321,326.441,315.354,-2.1535
0.321,326.752,315.748,-2.1575
0.321,327.211,315.748,-2.1575
0.322,327.596,316.142,-2.1614
0.322,328.028,316.536,-2.1654
0.322,328.26,316.929,-2.1693
0.323,328.511,317.323,-2.1732
0.323,328.926,317.717,-2.1772
0.323,329.228,317.717,-2.1772
0.324,329.828,318.11,-2.1811
0.324,330.118,318.504,-2.185
0.324,330.293,318.898,-2.189
0.325,330.717,319.291,-2.1929
0.325,330.949,319.291,-2.1929
0.325,331.474,319.685,-2.1969
0.326,332.032,320.079,-2.2008
0.326,332.306,320.473,-2.2047
0.326,332.515,320.866,-2.2087
0.327,332.744,321.26,-2.2126
0.327,333.162,321.26,-2.2126
0.327,333.81,321.654,-2.2165
0.328,334.063,322.047,-2.2205
0.328,334.448,322.441,-2.2244
0.328,334.614,322.835,-2.2283
0.329,334.916,323.228,-2.2323
0.329,335.335,323.228,-2.2323
0.329,335.913,323.622,-2.2362
0.33,336.261,324.016,-2.2402
0.33,336.585,324.41,-2.2441
0.33,336.787,324.803,-2.248
0.331,337.133,325.197,-2.252
0.331,337.562,325.197,-2.252
0.331,337.967,325.591,-2.2559
0.332,338.46,325.984,-2.2598
0.332,338.743,326.378,-2.2638
0.332,339.004,326.772,-2.2677
0.333,339.34,327.165,-2.2717
0.333,339.622,327.165,-2.2717
0.333,340.28,327.559,-2.2756
0.334,340.626,327.953,-2.2795
0.334,340.934,328.347,-2.2835
0.334,341.134,328.74,-2.2874
0.335,341.392,328.74,-2.2874
0.335,341.976,329.134,-2.2913
0.335,342.484,329.528,-2.2953
0.336,342.838,329.921,-2.2992
0.336,343.009,330.315,-2.3032
0.336,343.356,330.709,-2.3071
0.337,343.649,330.709,-2.3071
0.337,344.242,331.102,-2.311
0.337,344.746,331.496,-2.315
0.338,344.927,331.89,-2.3189
0.338,345.217,332.284,-2.3228
0.338,345.528,332.677,-2.3268
0.339,345.93,332.677,-2.3268
0.339,346.557,333.071,-2.3307
0.339,346.804,333.465,-2.3346
0.34,347.267,333.858,-2.3386
0.34,347.451,334.252,-2.3425
0.34,347.725,334.646,-2.3465
0.341,348.175,335.039,-2.3504
0.341,348.443,335.039,-2.3504
0.341,349.037,335.433,-2.3543
0.342,349.489,335.827,-2.3583
0.342,349.768,336.221,-2.3622
0.342,350.043,336.614,-2.3661
0.343,350.26,337.008,-2.3701
0.343,350.844,337.008,-2.3701
0.343,351.275,337.402,-2.374
0.344,351.829,337.795,-2.378
0.344,352.057,338.189,-2.3819
0.344,352.143,338.583,-2.3858
0.345,352.583,338.977,-2.3898
0.345,353.116,338.977,-2.3898
0.345,353.563,338.977,-2.3898
0.346,354.761,340.158,-2.4016
0.346,354.718,340.158,-2.4016
0.346,355.005,340.551,-2.4055
0.347,355.273,340.945,-2.4095
0.347,355.616,340.945,-2.4095
0.347,355.952,341.339,-2.4134
0.348,356.525,341.732,-2.4173
0.348,356.816,342.126,-2.4213
0.348,357.064,342.52,-2.4252
0.349,357.414,342.914,-2.4291
0.349,357.606,342.914,-2.4291
0.349,358.28,343.307,-2.4331
0.35,358.687,343.701,-2.437
0.35,359.003,344.095,-2.4409
0.35,359.235,344.488,-2.4449
0.351,359.415,344.882,-2.4488
0.351,359.895,344.882,-2.4488
0.351,360.448,345.276,-2.4528
0.352,360.908,345.669,-2.4567
0.352,361.152,346.063,-2.4606
0.352,361.322,346.457,-2.4646
0.353,361.696,346.851,-2.4685
0.353,362.179,346.851,-2.4685
0.353,362.671,347.244,-2.4724
0.354,362.994,347.638,-2.4764
0.354,363.181,348.032,-2.4803
0.354,363.489,348.425,-2.4843
0.355,363.876,348.425,-2.4843
0.355,364.369,348.819,-2.4882
0.355,364.801,349.213,-2.4921
0.356,365.183,349.606,-2.4961
0.356,365.355,350,-2.5
0.356,365.645,350.394,-2.5039
0.357,366.077,350.394,-2.5039
0.357,366.478,350.788,-2.5079
0.357,366.961,351.181,-2.5118
0.358,367.13,351.575,-2.5157
0.358,367.424,351.969,-2.5197
0.358,367.942,352.362,-2.5236
0.359,368.195,352.362,-2.5236
0.359,368.682,352.756,-2.5276
0.359,369.041,353.15,-2.5315
0.36,369.36,353.543,-2.5354
0.36,369.621,353.937,-2.5394
0.36,369.817,353.937,-2.5394
0.361,370.433,354.331,-2.5433
0.361,370.785,354.725,-2.5472
0.361,371.245,355.118,-2.5512
0.362,371.454,355.512,-2.5551
0.362,371.583,355.906,-2.5591
0.362,372.165,355.906,-2.5591
0.363,372.572,356.299,-2.563
0.363,373.123,356.693,-2.5669
0.363,373.345,357.087,-2.5709
0.364,373.503,357.48,-2.5748
0.364,373.863,357.874,-2.5787
0.364,374.391,357.874,-2.5787
0.365,374.894,358.268,-2.5827
0.365,375.263,358.662,-2.5866
0.365,375.6,359.055,-2.5906
0.366,375.824,359.449,-2.5945
0.366,376.154,359.843,-2.5984
0.366,376.652,359.843,-2.5984
0.367,377.021,360.236,-2.6024
0.367,377.595,360.63,-2.6063
0.367,377.872,361.024,-2.6102
0.368,378.23,361.417,-2.6142
0.368,378.474,361.811,-2.6181
0.368,378.74,361.811,-2.6181
0.369,379.426,362.205,-2.622
0.369,379.923,362.599,-2.626
0.369,380.38,362.992,-2.6299
0.37,380.569,363.386,-2.6339
0.37,380.832,363.78,-2.6378
0.37,381.172,364.173,-2.6417
0.371,381.676,364.173,-2.6417
0.371,382.38,364.567,-2.6457
0.371,382.675,364.961,-2.6496
0.372,383.185,365.354,-2.6535
0.372,383.583,365.748,-2.6575
0.372,384.086,366.142,-2.6614
0.373,384.37,366.536,-2.6654
0.373,384.651,366.929,-2.6693
0.373,385.167,366.929,-2.6693
0.374,385.841,367.323,-2.6732
0.374,386.338,367.717,-2.6772
0.374,386.787,368.11,-2.6811
0.375,387.248,368.504,-2.685
0.375,387.763,368.898,-2.689
0.375,388.14,369.291,-2.6929
0.376,388.556,369.685,-2.6969
0.376,388.82,370.079,-2.7008
0.376,389.449,370.473,-2.7047
0.377,389.963,370.473,-2.7047
0.377,390.495,371.26,-2.7126
0.377,390.892,371.26,-2.7126
0.378,391.522,371.654,-2.7165
0.378,392.107,372.047,-2.7205
0.378,392.623,372.441,-2.7244
0.379,393.039,372.835,-2.7283
0.379,393.479,373.228,-2.7323
0.379,393.954,373.622,-2.7362
0.38,394.25,374.016,-2.7402
0.38,394.784,374.41,-2.7441
0.38,395.121,374.41,-2.7441
0.381,395.764,374.803,-2.748
0.381,396.309,375.197,-2.752
0.381,396.857,375.591,-2.7559
0.382,397.285,375.984,-2.7598
0.382,397.516,376.378,-2.7638
0.382,397.956,376.772,-2.7677
0.383,398.385,376.772,-2.7677
0.383,398.965,377.166,-2.7717
0.383,399.453,377.559,-2.7756
0.384,399.927,377.953,-2.7795
0.384,400.369,378.347,-2.7835
0.384,400.61,378.74,-2.7874
0.385,401.108,379.134,-2.7913
0.385,401.568,379.134,-2.7913
0.385,402.099,379.528,-2.7953
0.386,402.727,379.921,-2.7992
0.386,403.113,380.315,-2.8032
0.386,403.408,380.709,-2.8071
0.387,403.696,381.103,-2.811
0.387,404.146,381.103,-2.811
0.387,404.88,381.496,-2.815
0.388,405.251,381.89,-2.8189
0.388,405.486,382.284,-2.8228
0.388,405.813,382.677,-2.8268
0.389,406.33,382.677,-2.8268
0.389,407.024,383.071,-2.8307
0.389,407.54,383.465,-2.8346
0.39,407.798,383.858,-2.8386
0.39,408.141,384.252,-2.8425
0.39,408.569,384.646,-2.8465
0.391,409.204,384.646,-2.8465
0.391,409.835,385.04,-2.8504
0.391,410.249,385.433,-2.8543
0.392,410.495,385.827,-2.8583
0.392,410.847,386.221,-2.8622
0.392,411.39,386.221,-2.8622
0.393,411.965,386.614,-2.8661
0.393,412.57,387.008,-2.8701
0.393,412.836,387.402,-2.874
0.394,413.246,387.795,-2.878
0.394,413.653,388.189,-2.8819
0.394,414.174,388.189,-2.8819
0.395,414.715,388.583,-2.8858
0.395,415.264,388.977,-2.8898
0.395,415.726,389.37,-2.8937
0.396,416.09,389.764,-2.8976
0.396,416.409,390.158,-2.9016
0.396,416.908,390.158,-2.9016
0.397,417.514,390.551,-2.9055
0.397,418.113,390.945,-2.9095
0.397,418.519,391.339,-2.9134
0.398,418.852,391.732,-2.9173
0.398,419.138,392.126,-2.9213
0.398,419.684,392.126,-2.9213
0.399,420.33,392.52,-2.9252
0.399,420.817,392.914,-2.9291
0.399,421.239,393.307,-2.9331
0.4,421.475,393.701,-2.937
0.4,422,394.095,-2.9409
0.4,422.525,394.095,-2.9409
0.401,423.305,394.488,-2.9449
0.401,423.588,394.882,-2.9488
0.401,424.013,395.276,-2.9528
0.402,424.303,395.669,-2.9567
0.402,424.822,395.669,-2.9567
0.402,425.516,396.063,-2.9606
0.403,425.948,396.457,-2.9646
0.403,426.397,396.851,-2.9685
0.403,426.754,397.244,-2.9724
0.404,427.214,397.638,-2.9764
0.404,427.712,398.032,-2.9803
0.404,428.214,398.032,-2.9803
0.405,428.763,398.425,-2.9843
0.405,429.327,398.819,-2.9882
0.405,429.582,399.213,-2.9921
0.406,430.075,399.606,-2.9961
0.406,430.414,399.606,-2.9961
0.406,431.193,400,-3
0.407,431.646,400.394,-3.0039
0.407,432.239,400.788,-3.0079
0.407,432.599,401.181,-3.0118
0.408,432.924,401.575,-3.0157
0.408,433.356,401.575,-3.0157
0.408,434.085,401.969,-3.0197
0.409,434.699,402.362,-3.0236
0.409,435.032,402.756,-3.0276
0.409,435.485,403.15,-3.0315
0.41,435.811,403.543,-3.0354
0.41,436.337,403.937,-3.0394
0.41,436.991,403.937,-3.0394
0.411,437.37,404.331,-3.0433
0.411,438.022,404.725,-3.0472
0.411,438.39,405.118,-3.0512
0.412,438.795,405.512,-3.0551
0.412,439.337,405.906,-3.0591
0.412,439.803,405.906,-3.0591
0.413,440.81,406.299,-3.063
0.413,441.598,406.693,-3.0669
0.413,441.811,407.087,-3.0709
0.414,442.247,407.48,-3.0748
0.414,442.586,407.874,-3.0787
0.414,443.259,407.874,-3.0787
0.415,443.884,408.268,-3.0827
0.415,444.378,408.662,-3.0866
0.415,444.629,409.055,-3.0906
0.416,445,409.449,-3.0945
0.416,445.542,409.449,-3.0945
0.416,446.16,409.843,-3.0984
0.417,446.918,410.236,-3.1024
0.417,447.217,410.63,-3.1063
0.417,447.553,411.024,-3.1102
0.418,447.926,411.417,-3.1142
0.418,448.617,411.417,-3.1142
0.418,449.251,411.811,-3.1181
0.419,449.695,412.205,-3.122
0.419,450.165,412.599,-3.126
0.419,450.571,412.992,-3.1299
0.42,450.879,413.386,-3.1339
0.42,451.666,413.386,-3.1339
0.42,452.096,413.78,-3.1378
0.421,452.719,414.173,-3.1417
0.421,453.039,414.567,-3.1457
0.421,453.391,414.961,-3.1496
0.422,454.013,415.355,-3.1535
0.422,454.409,415.355,-3.1535
0.422,455.15,415.748,-3.1575
0.423,455.623,416.142,-3.1614
0.423,456.003,416.536,-3.1654
0.423,456.456,416.929,-3.1693
0.424,456.935,416.929,-3.1693
0.424,457.594,417.323,-3.1732
0.424,458.175,417.717,-3.1772
0.425,458.626,418.11,-3.1811
0.425,459.073,418.504,-3.185
0.425,459.341,418.898,-3.189
0.426,460.059,418.898,-3.189
0.426,460.713,419.292,-3.1929
0.426,461.31,419.685,-3.1969
0.427,461.573,420.079,-3.2008
0.427,461.895,420.473,-3.2047
0.427,462.48,420.473,-3.2047
0.428,463.129,420.866,-3.2087
0.428,463.896,421.26,-3.2126
0.428,464.238,421.654,-3.2165
0.429,464.507,422.047,-3.2205
0.429,464.995,422.441,-3.2244
0.429,465.752,422.441,-3.2244
0.43,466.318,422.835,-3.2283
0.43,466.887,423.229,-3.2323
0.43,467.196,423.622,-3.2362
0.431,467.669,424.016,-3.2402
0.431,468.172,424.41,-3.2441
0.431,468.861,424.41,-3.2441
0.432,469.51,424.803,-3.248
0.432,469.939,425.197,-3.252
0.432,470.389,425.591,-3.2559
0.433,470.645,425.984,-3.2598
0.433,471.377,426.378,-3.2638
0.433,471.841,426.378,-3.2638
0.434,472.621,426.772,-3.2677
0.434,473.189,427.166,-3.2717
0.434,473.622,427.559,-3.2756
0.435,474.082,427.953,-3.2795
0.435,474.449,428.347,-3.2835
0.435,475.023,428.347,-3.2835
0.436,475.745,428.74,-3.2874
0.436,476.364,429.134,-3.2913
0.436,476.878,429.528,-3.2953
0.437,477.311,429.921,-3.2992
0.437,477.698,430.315,-3.3032
0.437,478.421,430.709,-3.3071
0.438,479.019,431.103,-3.311
0.438,479.549,431.103,-3.311
0.438,480.325,431.496,-3.315
0.439,480.994,431.89,-3.3189
0.439,481.532,432.284,-3.3228
0.439,482.083,432.677,-3.3268
0.44,482.415,433.071,-3.3307
0.44,482.922,433.465,-3.3346
0.44,483.527,433.858,-3.3386
0.441,484.226,434.252,-3.3425
0.441,484.752,434.252,-3.3425
0.441,485.414,434.646,-3.3465
0.442,486.23,435.04,-3.3504
0.442,486.865,435.433,-3.3543
0.442,487.408,435.827,-3.3583
0.443,487.872,436.221,-3.3622
0.443,488.325,436.614,-3.3661
0.443,488.946,437.008,-3.3701
0.444,489.448,437.402,-3.374
0.444,489.952,437.795,-3.378
0.444,490.702,438.189,-3.3819
0.445,491.514,438.189,-3.3819
0.445,492.081,438.583,-3.3858
0.445,492.632,438.977,-3.3898
0.446,493.276,439.37,-3.3937
0.446,493.844,439.764,-3.3976
0.446,494.469,440.158,-3.4016
0.447,494.938,440.551,-3.4055
0.447,495.287,440.945,-3.4095
0.447,495.893,441.339,-3.4134
0.448,496.472,441.339,-3.4134
0.448,497.23,441.732,-3.4173
0.448,497.762,442.126,-3.4213
0.449,498.327,442.52,-3.4252
0.449,498.711,442.914,-3.4291
0.449,499.258,443.307,-3.4331
0.45,499.826,443.307,-3.4331
0.45,500.446,443.701,-3.437
0.45,501.177,444.095,-3.4409
0.451,501.685,444.488,-3.4449
0.451,502.233,444.882,-3.4488
0.451,502.728,445.276,-3.4528
0.452,503.083,445.669,-3.4567
0.452,503.664,445.669,-3.4567
0.452,504.382,446.063,-3.4606
0.453,504.965,446.457,-3.4646
0.453,505.288,446.851,-3.4685
0.453,505.597,447.244,-3.4724
0.454,506.348,447.244,-3.4724
0.454,507.06,447.638,-3.4764
0.454,507.614,448.032,-3.4803
0.455,507.933,448.425,-3.4843
0.455,508.328,448.819,-3.4882
0.455,509.175,448.819,-3.4882
0.456,509.808,449.213,-3.4921
0.456,510.464,449.606,-3.4961
0.456,510.85,450,-3.5
0.457,511.228,450.394,-3.5039
0.457,511.813,450.788,-3.5079
0.457,512.539,450.788,-3.5079
0.458,513.15,451.181,-3.5118
0.458,513.744,451.575,-3.5157
0.458,514.205,451.969,-3.5197
0.459,514.606,452.362,-3.5236
0.459,515.161,452.362,-3.5236
0.459,515.937,452.756,-3.5276
0.46,516.454,453.15,-3.5315
0.46,517.068,453.543,-3.5354
0.46,517.448,453.937,-3.5394
0.461,517.998,454.331,-3.5433
0.461,518.643,454.331,-3.5433
0.461,519.173,454.725,-3.5472
0.462,520.066,455.118,-3.5512
0.462,520.574,455.512,-3.5551
0.462,520.993,455.906,-3.5591
0.463,521.392,456.299,-3.563
0.463,522.087,456.299,-3.563
0.463,522.722,456.693,-3.5669
0.464,523.509,457.087,-3.5709
0.464,523.855,457.481,-3.5748
0.464,524.366,457.874,-3.5787
0.465,524.798,458.268,-3.5827
0.465,525.44,458.268,-3.5827
0.465,526.281,458.662,-3.5866
0.466,526.888,459.055,-3.5906
0.466,527.404,459.449,-3.5945
0.466,527.717,459.843,-3.5984
0.467,528.35,459.843,-3.5984
0.467,529.064,460.236,-3.6024
0.467,529.831,460.63,-3.6063
0.468,530.362,461.024,-3.6102
0.468,530.71,461.418,-3.6142
0.468,531.242,461.811,-3.6181
0.469,531.883,461.811,-3.6181
0.469,532.692,462.205,-3.622
0.469,533.158,462.599,-3.626
0.47,533.672,462.992,-3.6299
0.47,534.27,463.386,-3.6339
0.47,534.721,463.78,-3.6378
0.471,535.504,463.78,-3.6378
0.471,536.084,464.173,-3.6417
0.471,536.689,464.567,-3.6457
0.472,537.374,464.961,-3.6496
0.472,537.661,465.355,-3.6535
0.472,538.299,465.748,-3.6575
0.473,538.925,465.748,-3.6575
0.473,539.69,466.142,-3.6614
0.473,540.339,466.536,-3.6654
0.474,540.901,466.929,-3.6693
0.474,541.351,467.323,-3.6732
0.474,541.771,467.717,-3.6772
0.475,542.461,467.717,-3.6772
0.475,543.342,468.11,-3.6811
0.475,544.002,468.504,-3.685
0.476,544.489,468.898,-3.689
0.476,544.982,469.292,-3.6929
0.476,545.278,469.685,-3.6969
0.477,546.078,469.685,-3.6969
0.477,546.753,470.079,-3.7008
0.477,547.468,470.473,-3.7047
0.478,548.023,470.866,-3.7087
0.478,548.472,471.26,-3.7126
0.478,549.01,471.654,-3.7165
0.479,549.701,472.047,-3.7205
0.479,550.272,472.047,-3.7205
0.479,550.995,472.441,-3.7244
0.48,551.679,472.835,-3.7283
0.48,552.207,473.229,-3.7323
0.48,552.689,473.622,-3.7362
0.481,553.105,474.016,-3.7402
0.481,553.896,474.016,-3.7402
0.481,554.597,474.41,-3.7441
0.482,555.289,474.803,-3.748
0.482,555.679,475.197,-3.752
0.482,556.155,475.591,-3.7559
0.483,556.747,475.591,-3.7559
0.483,557.64,475.984,-3.7598
0.483,558.244,476.378,-3.7638
0.484,558.766,476.772,-3.7677
0.484,559.191,477.166,-3.7717
0.484,559.681,477.559,-3.7756
0.485,560.435,477.559,-3.7756
0.485,561.285,477.953,-3.7795
0.485,562.008,478.347,-3.7835
0.486,562.962,478.74,-3.7874
0.486,563.255,479.134,-3.7913
0.486,563.813,479.528,-3.7953
0.487,564.61,479.528,-3.7953
0.487,565.129,479.921,-3.7992
0.487,565.851,480.315,-3.8032
0.488,566.246,480.709,-3.8071
0.488,566.777,481.103,-3.811
0.488,567.475,481.496,-3.815
0.489,568.011,481.496,-3.815
0.489,568.726,481.89,-3.8189
0.489,569.224,482.284,-3.8228
0.49,569.777,482.677,-3.8268
0.49,570.361,483.071,-3.8307
0.49,570.988,483.071,-3.8307
0.491,571.648,483.465,-3.8346
0.491,572.437,483.858,-3.8386
0.491,572.879,484.252,-3.8425
0.492,573.451,484.646,-3.8465
0.492,573.883,485.04,-3.8504
0.492,574.672,485.04,-3.8504
0.493,575.41,485.433,-3.8543
0.493,575.999,485.827,-3.8583
0.493,576.491,486.221,-3.8622
0.494,576.941,486.614,-3.8661
0.494,577.568,486.614,-3.8661
0.494,578.251,487.008,-3.8701
0.495,579.1,487.402,-3.874
0.495,579.516,487.795,-3.878
0.495,580.085,488.189,-3.8819
0.496,580.535,488.583,-3.8858
0.496,581.357,488.583,-3.8858
0.496,582.009,488.977,-3.8898
0.497,582.74,489.37,-3.8937
0.497,583.254,489.764,-3.8976
0.497,583.657,490.158,-3.9016
0.498,584.237,490.551,-3.9055
0.498,585.103,490.945,-3.9095
0.498,585.615,490.945,-3.9095
0.499,586.387,491.339,-3.9134
0.499,586.918,491.732,-3.9173
0.499,587.436,492.126,-3.9213
0.5,588.042,492.52,-3.9252
0.5,588.55,492.52,-3.9252
0.5,589.39,492.914,-3.9291
0.501,590.224,493.307,-3.9331
0.501,590.85,493.701,-3.937
0.501,591.237,494.095,-3.9409
0.502,591.745,494.488,-3.9449
0.502,592.347,494.882,-3.9488
0.502,593.093,494.882,-3.9488
0.503,594.005,495.276,-3.9528
0.503,594.618,495.67,-3.9567
0.503,595.29,496.063,-3.9606
0.504,595.82,496.457,-3.9646
0.504,596.375,496.851,-3.9685
0.504,597.111,497.244,-3.9724
0.505,597.489,497.638,-3.9764
0.505,598.366,497.638,-3.9764
0.505,599.066,498.032,-3.9803
0.506,600.002,498.425,-3.9843
0.506,600.539,498.819,-3.9882
0.506,601.033,499.213,-3.9921
0.507,601.563,499.607,-3.9961
0.507,602.685,500,-4
0.507,603.182,500.394,-4.0039
0.508,603.683,500.788,-4.0079
0.508,604.412,501.181,-4.0118
0.508,605.197,501.575,-4.0158
0.509,605.921,501.575,-4.0158
0.509,606.514,501.969,-4.0197
0.509,607.327,502.362,-4.0236
0.51,608.07,502.756,-4.0276
0.51,608.742,503.15,-4.0315
0.51,609.345,503.544,-4.0354
0.511,609.767,503.937,-4.0394
0.511,610.586,504.331,-4.0433
0.511,611.244,504.725,-4.0472
0.512,611.901,505.118,-4.0512
0.512,612.504,505.118,-4.0512
0.512,613.433,505.512,-4.0551
0.513,614.075,505.906,-4.0591
0.513,614.803,506.299,-4.063
0.513,615.271,506.693,-4.0669
0.514,615.69,507.087,-4.0709
0.514,616.48,507.481,-4.0748
0.514,617.164,507.481,-4.0748
0.515,618.093,507.874,-4.0787
0.515,618.579,508.268,-4.0827
0.515,619.265,508.662,-4.0866
0.516,619.85,509.055,-4.0906
0.516,620.522,509.449,-4.0945
0.516,620.977,509.843,-4.0984
0.517,621.621,509.843,-4.0984
0.517,622.471,510.236,-4.1024
0.517,623.207,510.63,-4.1063
0.518,623.834,511.024,-4.1102
0.518,624.273,511.418,-4.1142
0.518,624.671,511.811,-4.1181
0.519,625.372,511.811,-4.1181
0.519,626.171,512.205,-4.122
0.519,626.603,512.599,-4.126
0.52,627.079,512.992,-4.1299
0.52,627.587,512.992,-4.1299
0.52,628.441,513.386,-4.1339
0.521,629.107,513.78,-4.1378
0.521,629.755,514.173,-4.1417
0.521,630.174,514.567,-4.1457
0.522,630.743,514.961,-4.1496
0.522,631.534,514.961,-4.1496
0.522,632.346,515.355,-4.1535
0.523,633.06,515.748,-4.1575
0.523,633.477,516.142,-4.1614
0.523,633.967,516.536,-4.1654
0.524,634.522,516.536,-4.1654
0.524,635.434,516.929,-4.1693
0.524,636.169,517.323,-4.1732
0.525,636.613,517.717,-4.1772
0.525,637.129,518.11,-4.1811
0.525,637.742,518.504,-4.185
0.526,638.535,518.504,-4.185
0.526,639.313,518.898,-4.189
0.526,639.907,519.292,-4.1929
0.527,640.499,519.685,-4.1969
0.527,640.907,520.079,-4.2008
0.527,641.661,520.079,-4.2008
0.528,642.485,520.473,-4.2047
0.528,643.112,520.866,-4.2087
0.528,643.799,521.26,-4.2126
0.529,644.252,521.654,-4.2165
0.529,644.941,522.047,-4.2205
0.529,645.573,522.441,-4.2244
0.53,646.255,522.441,-4.2244
0.53,646.988,522.835,-4.2283
0.53,647.658,523.229,-4.2323
0.531,648.127,523.622,-4.2362
0.531,648.879,524.016,-4.2402
0.531,649.336,524.016,-4.2402
0.532,650.23,524.41,-4.2441
0.532,650.989,524.803,-4.248
0.532,651.565,525.197,-4.252
0.533,652.119,525.591,-4.2559
0.533,652.553,525.984,-4.2598
0.533,653.225,525.984,-4.2598
0.534,654.082,526.378,-4.2638
0.534,654.929,526.772,-4.2677
0.534,655.307,527.166,-4.2717
0.535,655.862,527.559,-4.2756
0.535,656.369,527.953,-4.2795
0.535,657.244,527.953,-4.2795
0.536,658.068,528.347,-4.2835
0.536,658.576,528.74,-4.2874
0.536,659.093,529.134,-4.2913
0.537,659.69,529.528,-4.2953
0.537,660.416,529.921,-4.2992
0.537,661.146,529.921,-4.2992
0.538,661.764,530.315,-4.3032
0.538,662.427,530.709,-4.3071
0.538,663.004,531.103,-4.311
0.539,663.532,531.496,-4.315
0.539,664.377,531.89,-4.3189
0.539,664.901,531.89,-4.3189
0.54,665.736,532.284,-4.3228
0.54,666.411,532.677,-4.3268
0.54,666.963,533.071,-4.3307
0.541,667.473,533.465,-4.3346
0.541,668.031,533.859,-4.3386
0.541,668.77,533.859,-4.3386
0.542,669.66,534.252,-4.3425
0.542,670.332,534.646,-4.3465
0.542,670.849,535.04,-4.3504
0.543,671.296,535.433,-4.3543
0.543,671.887,535.827,-4.3583
0.543,672.74,535.827,-4.3583
0.544,673.682,536.221,-4.3622
0.544,674.246,536.614,-4.3661
0.544,674.697,537.008,-4.3701
0.545,675.216,537.402,-4.374
0.545,675.824,537.796,-4.378
0.545,676.738,537.796,-4.378
0.546,677.358,538.189,-4.3819
0.546,678.097,538.583,-4.3858
0.546,678.523,538.977,-4.3898
0.547,679.153,539.37,-4.3937
0.547,679.773,539.764,-4.3976
0.547,680.406,539.764,-4.3976
0.548,681.214,540.158,-4.4016
0.548,681.837,540.551,-4.4055
0.548,682.401,540.945,-4.4095
0.549,682.928,541.339,-4.4134
0.549,683.616,541.339,-4.4134
0.549,684.359,541.733,-4.4173
0.55,685.281,542.126,-4.4213
0.55,685.889,542.52,-4.4252
0.55,686.387,542.914,-4.4291
0.551,686.714,543.307,-4.4331
0.551,687.553,543.307,-4.4331
0.551,688.353,543.701,-4.437
0.552,689.065,544.095,-4.4409
0.552,689.566,544.488,-4.4449
0.552,689.986,544.882,-4.4488
0.553,690.617,545.276,-4.4528
0.553,691.487,545.276,-4.4528
0.553,692.281,545.67,-4.4567
0.554,692.862,546.063,-4.4606
0.554,693.476,546.457,-4.4646
0.554,694.313,546.851,-4.4685
0.555,695.519,547.244,-4.4724
0.555,695.937,547.244,-4.4724
0.555,696.605,547.638,-4.4764
0.556,697.069,548.032,-4.4803
0.556,697.625,548.425,-4.4843
0.556,698.287,548.819,-4.4882
0.557,699.071,548.819,-4.4882
0.557,699.718,549.213,-4.4921
0.557,700.334,549.607,-4.4961
0.558,700.834,550,-4.5
0.558,701.466,550.394,-4.5039
0.558,702.249,550.788,-4.5079
0.559,702.713,550.788,-4.5079
0.559,703.599,551.181,-4.5118
0.559,704.092,551.575,-4.5158
0.56,704.705,551.969,-4.5197
0.56,705.272,552.362,-4.5236
0.56,706.011,552.362,-4.5236
0.561,706.678,552.756,-4.5276
0.561,707.456,553.15,-4.5315
0.561,708.029,553.544,-4.5354
0.562,708.526,553.937,-4.5394
0.562,709.134,553.937,-4.5394
0.562,709.861,554.331,-4.5433
0.563,710.84,554.725,-4.5472
0.563,711.378,555.118,-4.5512
0.563,711.777,555.512,-4.5551
0.564,712.335,555.906,-4.5591
0.564,713.128,555.906,-4.5591
0.564,714.044,556.299,-4.563
0.565,714.805,556.693,-4.5669
0.565,715.331,557.087,-4.5709
0.565,715.808,557.481,-4.5748
0.566,716.301,557.874,-4.5787
0.566,717.177,557.874,-4.5787
0.566,717.976,558.268,-4.5827
0.567,718.554,558.662,-4.5866
0.567,719.223,559.055,-4.5906
0.567,719.96,559.449,-4.5945
0.568,720.51,559.843,-4.5984
0.568,721.15,560.236,-4.6024
0.568,721.725,560.236,-4.6024
0.569,722.595,560.63,-4.6063
0.569,723.577,561.024,-4.6102
0.569,724.292,561.418,-4.6142
0.57,724.857,561.811,-4.6181
0.57,725.417,562.205,-4.622
0.57,725.872,562.599,-4.626
0.571,726.864,562.992,-4.6299
0.571,727.624,563.386,-4.6339
0.571,728.238,563.386,-4.6339
0.572,729.102,563.78,-4.6378
0.572,729.898,564.173,-4.6417
0.572,730.558,564.567,-4.6457
0.573,731.048,564.961,-4.6496
0.573,731.621,565.355,-4.6535
0.573,732.426,565.748,-4.6575
0.574,733.231,566.142,-4.6614
0.574,734.103,566.536,-4.6654
0.574,734.618,566.536,-4.6654
0.575,735.509,566.929,-4.6693
0.575,736.398,567.323,-4.6732
0.575,737.095,567.717,-4.6772
0.576,737.606,568.11,-4.6811
0.576,738.198,568.504,-4.685
0.576,738.871,568.898,-4.689
0.577,739.775,569.292,-4.6929
0.577,740.563,569.685,-4.6969
0.577,741.1,570.079,-4.7008
0.578,741.89,570.079,-4.7008
0.578,742.787,570.473,-4.7047
0.578,743.587,570.866,-4.7087
0.579,744.151,571.26,-4.7126
0.579,744.634,571.654,-4.7165
0.579,745.255,572.047,-4.7205
0.58,745.886,572.441,-4.7244
0.58,746.805,572.441,-4.7244
0.58,747.478,572.835,-4.7283
0.581,748.167,573.229,-4.7323
0.581,748.878,573.622,-4.7362
0.581,749.472,574.016,-4.7402
0.582,750.067,574.41,-4.7441
0.582,750.645,574.41,-4.7441
0.582,751.576,574.803,-4.748
0.583,752.39,575.197,-4.752
0.583,753.011,575.591,-4.7559
0.583,753.634,575.985,-4.7598
0.584,754.092,576.378,-4.7638
0.584,754.803,576.772,-4.7677
0.584,755.576,576.772,-4.7677
0.585,756.39,577.166,-4.7717
0.585,756.973,577.559,-4.7756
0.585,757.474,577.953,-4.7795
0.586,757.953,578.347,-4.7835
0.586,758.761,578.347,-4.7835
0.586,759.584,578.74,-4.7874
0.587,760.215,579.134,-4.7913
0.587,760.713,579.528,-4.7953
0.587,761.093,579.922,-4.7992
0.588,762.066,579.922,-4.7992
0.588,762.777,580.315,-4.8032
0.588,763.527,580.709,-4.8071
0.589,764.163,581.103,-4.811
0.589,764.561,581.496,-4.815
0.589,765.256,581.89,-4.8189
0.59,766.074,581.89,-4.8189
0.59,766.864,582.284,-4.8228
0.59,767.424,582.677,-4.8268
0.591,767.865,583.071,-4.8307
0.591,768.571,583.465,-4.8346
0.591,769.332,583.465,-4.8346
0.592,770.066,583.859,-4.8386
0.592,770.692,584.252,-4.8425
0.592,771.205,584.646,-4.8465
0.593,771.947,585.04,-4.8504
0.593,772.591,585.433,-4.8543
0.593,773.302,585.433,-4.8543
0.594,774.066,585.827,-4.8583
0.594,774.801,586.221,-4.8622
0.594,775.159,586.614,-4.8661
0.595,775.951,587.008,-4.8701
0.595,776.505,587.008,-4.8701
0.595,777.416,587.402,-4.874
0.596,778.1,587.796,-4.878
0.596,778.406,588.189,-4.8819
0.596,779.182,588.583,-4.8858
0.597,779.799,588.977,-4.8898
0.597,780.532,588.977,-4.8898
0.597,781.483,589.37,-4.8937
0.598,782.039,589.764,-4.8976
0.598,782.609,590.158,-4.9016
0.598,783.006,590.551,-4.9055
0.599,783.908,590.551,-4.9055
0.599,784.68,590.945,-4.9095
0.599,785.4,591.339,-4.9134
0.6,786.029,591.733,-4.9173
0.6,786.399,592.126,-4.9213
0.6,787.239,592.126,-4.9213
0.601,788.024,592.52,-4.9252
0.601,788.901,592.914,-4.9291
0.601,789.374,593.307,-4.9331
0.602,789.853,593.701,-4.937
0.602,790.47,594.095,-4.9409
0.602,791.252,594.095,-4.9409
0.603,792.136,594.488,-4.9449
0.603,792.69,594.882,-4.9488
0.603,793.263,595.276,-4.9528
0.604,793.873,595.67,-4.9567
0.604,794.595,595.67,-4.9567
0.604,795.412,596.063,-4.9606
0.605,796.074,596.457,-4.9646
0.605,796.869,596.851,-4.9685
0.605,797.371,597.244,-4.9724
0.606,798.03,597.638,-4.9764
0.606,798.764,597.638,-4.9764
0.606,799.469,598.032,-4.9803
0.607,800.23,598.425,-4.9843
0.607,800.815,598.819,-4.9882
0.607,801.455,599.213,-4.9921
0.608,802.09,599.607,-4.9961
0.608,802.683,599.607,-4.9961
0.608,803.556,600,-5
0.609,804.323,600.394,-5.0039
0.609,804.901,600.788,-5.0079
0.609,805.576,601.181,-5.0118
0.61,806.101,601.575,-5.0158
0.61,806.867,601.575,-5.0158
0.61,807.848,601.969,-5.0197
0.611,808.584,602.362,-5.0236
0.611,809.141,602.756,-5.0276
0.611,809.57,603.15,-5.0315
0.612,810.184,603.15,-5.0315
0.612,811.102,603.544,-5.0354
0.612,811.961,603.937,-5.0394
0.613,812.544,604.331,-5.0433
0.613,813.077,604.725,-5.0472
0.613,813.585,605.118,-5.0512
0.614,814.448,605.118,-5.0512
0.614,815.324,605.512,-5.0551
0.614,815.907,605.906,-5.0591
0.615,816.553,606.299,-5.063
0.615,817.065,606.693,-5.0669
0.615,817.811,607.087,-5.0709
0.616,818.643,607.087,-5.0709
0.616,819.382,607.481,-5.0748
0.616,820.068,607.874,-5.0787
0.617,820.617,608.268,-5.0827
0.617,821.195,608.662,-5.0866
0.617,821.966,608.662,-5.0866
0.618,822.702,609.055,-5.0906
0.618,823.499,609.449,-5.0945
0.618,824.086,609.843,-5.0984
0.619,824.698,610.236,-5.1024
0.619,825.251,610.63,-5.1063
0.619,826.01,610.63,-5.1063
0.62,826.821,611.024,-5.1102
0.62,827.599,611.418,-5.1142
0.62,828.195,611.811,-5.1181
0.621,828.65,612.205,-5.1221
0.621,829.351,612.205,-5.1221
0.621,830.203,612.599,-5.126
0.622,831.01,612.992,-5.1299
0.622,831.6,613.386,-5.1339
0.622,832.193,613.78,-5.1378
0.623,832.739,614.174,-5.1417
0.623,833.46,614.174,-5.1417
0.623,834.367,614.567,-5.1457
0.624,835.066,614.961,-5.1496
0.624,835.616,615.355,-5.1535
0.624,836.072,615.748,-5.1575
0.625,836.846,615.748,-5.1575
0.625,837.768,616.142,-5.1614
0.625,838.55,616.536,-5.1654
0.626,839.052,616.929,-5.1693
0.626,839.622,617.323,-5.1732
0.626,840.213,617.323,-5.1732
0.627,841.178,617.717,-5.1772
0.627,841.984,618.111,-5.1811
0.627,842.512,618.504,-5.185
0.628,842.998,618.898,-5.189
0.628,843.604,619.292,-5.1929
0.628,844.471,619.292,-5.1929
0.629,845.335,619.685,-5.1969
0.629,846.04,620.079,-5.2008
0.629,846.59,620.473,-5.2047
0.63,846.958,620.866,-5.2087
0.63,847.775,620.866,-5.2087
0.63,848.655,621.26,-5.2126
0.631,849.474,621.654,-5.2165
0.631,850.142,622.048,-5.2205
0.631,850.661,622.441,-5.2244
0.632,851.389,622.835,-5.2283
0.632,851.951,622.835,-5.2283
0.632,852.822,623.229,-5.2323
0.633,853.637,623.622,-5.2362
0.633,854.285,624.016,-5.2402
0.633,854.97,624.41,-5.2441
0.634,855.654,624.803,-5.248
0.634,856.271,625.197,-5.252
0.634,857.083,625.197,-5.252
0.635,858.009,625.591,-5.2559
0.635,858.878,625.985,-5.2598
0.635,859.46,626.378,-5.2638
0.636,860.273,626.772,-5.2677
0.636,860.88,627.166,-5.2717
0.636,861.6,627.559,-5.2756
0.637,862.262,627.953,-5.2795
0.637,862.915,627.953,-5.2795
0.637,863.908,628.347,-5.2835
0.638,864.713,628.74,-5.2874
0.638,865.364,629.134,-5.2913
0.638,865.933,629.528,-5.2953
0.639,866.52,629.922,-5.2992
0.639,867.383,630.315,-5.3032
0.639,868.119,630.315,-5.3032
0.64,869.185,630.709,-5.3071
0.64,869.819,631.103,-5.311
0.64,870.851,631.496,-5.315
0.641,871.658,631.89,-5.3189
0.641,872.504,632.284,-5.3228
0.641,873.087,632.677,-5.3268
0.642,873.765,633.071,-5.3307
0.642,874.486,633.465,-5.3346
0.642,875.985,633.859,-5.3386
0.643,876.586,634.252,-5.3425
0.643,877.366,634.252,-5.3425
0.643,878.168,634.646,-5.3465
0.644,879.353,635.433,-5.3543
0.644,879.879,635.433,-5.3543
0.644,880.649,635.827,-5.3583
0.645,881.439,636.221,-5.3622
0.645,882.191,636.614,-5.3661
0.645,882.869,637.008,-5.3701
0.646,883.429,637.402,-5.374
0.646,884.043,637.796,-5.378
0.646,884.772,637.796,-5.378
0.647,885.796,638.189,-5.3819
0.647,886.564,638.583,-5.3858
0.647,887.234,638.977,-5.3898
0.648,887.839,639.37,-5.3937
0.648,888.414,639.764,-5.3976
0.648,889.214,640.158,-5.4016
0.649,889.945,640.158,-5.4016
0.649,890.715,640.551,-5.4055
0.649,891.487,640.945,-5.4095
0.65,892.27,641.339,-5.4134
0.65,892.797,641.733,-5.4173
0.65,893.484,642.126,-5.4213
0.651,894.018,642.126,-5.4213
0.651,894.97,642.52,-5.4252
0.651,895.689,642.914,-5.4291
0.652,896.254,643.307,-5.4331
0.652,896.602,643.701,-5.437
0.652,897.398,643.701,-5.437
0.653,898.231,644.095,-5.4409
0.653,898.815,644.488,-5.4449
0.653,899.458,644.882,-5.4488
0.654,900.03,645.276,-5.4528
0.654,900.799,645.276,-5.4528
0.654,901.599,645.67,-5.4567
0.655,902.466,646.063,-5.4606
0.655,903.005,646.457,-5.4646
0.655,903.551,646.851,-5.4685
0.656,904.183,646.851,-5.4685
0.656,905.151,647.244,-5.4724
0.656,905.948,647.638,-5.4764
0.657,906.498,648.032,-5.4803
0.657,907.027,648.425,-5.4843
0.657,907.725,648.425,-5.4843
0.658,908.58,648.819,-5.4882
0.658,909.363,649.213,-5.4921
0.658,910.08,649.607,-5.4961
0.659,910.487,650,-5.5
0.659,911.103,650,-5.5
0.659,912.008,650.394,-5.5039
0.66,912.95,650.788,-5.5079
0.66,913.564,651.181,-5.5118
0.66,914.072,651.575,-5.5158
0.661,914.592,651.969,-5.5197
0.661,915.347,651.969,-5.5197
0.661,916.261,652.363,-5.5236
0.662,917.019,652.756,-5.5276
0.662,917.562,653.15,-5.5315
0.662,918.106,653.544,-5.5354
0.663,918.775,653.544,-5.5354
0.663,919.735,653.937,-5.5394
0.663,920.576,654.331,-5.5433
0.664,921.245,654.725,-5.5472
0.664,921.753,655.118,-5.5512
0.664,922.237,655.512,-5.5551
0.665,923.192,655.512,-5.5551
0.665,924.031,655.906,-5.5591
0.665,924.684,656.3,-5.563
0.666,925.194,656.693,-5.5669
0.666,925.815,657.087,-5.5709
0.666,926.592,657.087,-5.5709
0.667,927.542,657.481,-5.5748
0.667,928.195,657.874,-5.5787
0.667,928.805,658.268,-5.5827
0.668,929.353,658.662,-5.5866
0.668,930.044,658.662,-5.5866
0.668,930.963,659.055,-5.5906
0.669,931.666,659.449,-5.5945
0.669,932.346,659.843,-5.5984
0.669,932.849,660.237,-5.6024
0.67,933.675,660.63,-5.6063
0.67,934.32,661.024,-5.6102
0.67,935.145,661.024,-5.6102
0.671,935.974,661.418,-5.6142
0.671,936.716,661.811,-5.6181
0.671,937.204,662.205,-5.6221
0.672,937.875,662.599,-5.626
0.672,938.541,662.599,-5.626
0.672,939.367,662.992,-5.6299
0.673,940.226,663.386,-5.6339
0.673,940.929,663.78,-5.6378
0.673,941.481,664.174,-5.6417
0.674,942.055,664.567,-5.6457
0.674,942.888,664.567,-5.6457
0.674,943.779,664.961,-5.6496
0.675,944.549,665.355,-5.6535
0.675,945.015,665.748,-5.6575
0.675,945.682,666.142,-5.6614
0.676,946.321,666.142,-5.6614
0.676,947.422,666.536,-5.6654
0.676,948.188,666.929,-5.6693
0.677,948.826,667.323,-5.6732
0.677,949.337,667.717,-5.6772
0.677,949.956,668.111,-5.6811
0.678,950.791,668.111,-5.6811
0.678,951.703,668.504,-5.685
0.678,952.367,668.898,-5.689
0.679,952.964,669.292,-5.6929
0.679,953.548,669.685,-5.6969
0.679,954.281,670.079,-5.7008
0.68,955.209,670.079,-5.7008
0.68,955.791,670.473,-5.7047
0.68,956.715,670.866,-5.7087
0.681,957.226,671.26,-5.7126
0.681,957.862,671.654,-5.7165
0.681,958.504,671.654,-5.7165
0.682,959.322,672.048,-5.7205
0.682,960.168,672.441,-5.7244
0.682,960.848,672.835,-5.7283
0.683,961.426,673.229,-5.7323
0.683,962.128,673.622,-5.7362
0.683,962.891,673.622,-5.7362
0.684,963.647,674.016,-5.7402
0.684,964.527,674.41,-5.7441
0.684,965.079,674.803,-5.748
0.685,965.667,675.197,-5.752
0.685,966.289,675.591,-5.7559
0.685,967.122,675.591,-5.7559
0.686,968.034,675.985,-5.7598
0.686,968.876,676.378,-5.7638
0.686,969.347,676.772,-5.7677
0.687,970.02,677.166,-5.7717
0.687,970.599,677.166,-5.7717
0.687,971.596,677.559,-5.7756
0.688,972.391,677.953,-5.7795
0.688,972.914,678.347,-5.7835
0.688,973.444,678.74,-5.7874
0.689,974.163,678.74,-5.7874
0.689,975.075,679.134,-5.7913
0.689,975.845,679.528,-5.7953
0.69,976.603,679.922,-5.7992
0.69,977.014,680.315,-5.8032
0.69,977.717,680.709,-5.8071
0.691,978.541,680.709,-5.8071
0.691,979.53,681.103,-5.811
0.691,980.143,681.496,-5.815
0.692,980.734,681.89,-5.8189
0.692,981.34,682.284,-5.8228
0.692,982.031,682.284,-5.8228
0.693,982.986,682.677,-5.8268
0.693,983.784,683.071,-5.8307
0.693,984.422,683.465,-5.8346
0.694,984.947,683.859,-5.8386
0.694,985.607,684.252,-5.8425
0.694,986.373,684.252,-5.8425
0.695,987.306,684.646,-5.8465
0.695,987.961,685.04,-5.8504
0.695,988.681,685.433,-5.8543
0.696,989.176,685.827,-5.8583
0.696,989.983,686.221,-5.8622
0.696,990.759,686.221,-5.8622
0.697,991.705,686.614,-5.8661
0.697,992.532,687.008,-5.8701
0.697,993.039,687.402,-5.874
0.698,993.615,687.796,-5.878
0.698,994.346,688.189,-5.8819
0.698,995.206,688.189,-5.8819
0.699,996.146,688.583,-5.8858
0.699,996.853,688.977,-5.8898
0.699,997.543,689.37,-5.8937
0.7,998.091,689.764,-5.8976
0.7,998.673,690.158,-5.9016
0.7,999.737,690.158,-5.9016
0.701,1000.237,690.551,-5.9055
0.701,1000.495,690.551,-5.9055
0.701,1000.516,690.552,-5.9055
